{
  "chosen_name": "single(grnn)",
  "val": {
    "RMSE": 0.08069914643262541,
    "MAE": 0.03945235393347354
  },
  "test": {
    "RMSE": 0.1419670107258976,
    "MAE": 0.05463899768735785
  },
  "candidates": [
    {
      "key": "grnn",
      "RMSE": 0.08069914643262541,
      "MAE": 0.03945235393347354
    },
    {
      "key": "svr",
      "RMSE": 0.14155681307068238,
      "MAE": 0.08549992849551469
    },
    {
      "key": "mlp",
      "RMSE": 0.15847107222297477,
      "MAE": 0.09345740255448709
    }
  ],
  "ensemble_val": {
    "RMSE": 0.09453638833109272,
    "MAE": 0.052278559984011486
  }
}